{
  "initial_val_acc": 0.9998462720983858,
  "loop_logs": [
    {
      "loop": 1,
      "added": 101189,
      "val_acc": 0.9998462720983858
    }
  ],
  "timestamp": "20250704_153055"
}